Product,Process,Start,End,Duration
Product 1,Loading,1800,2100,300
Product 2,Loading,1800,2100,300
Product 3,Loading,1800,2100,300
Product 4,Loading,1800,2100,300
Product 5,Loading,1800,2100,300
Product 6,Loading,1800,2100,300
Product 7,Loading,1800,2100,300
Product 8,Loading,1800,2100,300
Product 9,Loading,1800,2100,300
Product 10,Loading,1800,2100,300
Product 1,Machining,2100,3900,1800
Product 2,Machining,2100,3900,1800
Product 3,Machining,2100,3900,1800
Product 4,Machining,2100,3900,1800
Product 5,Machining,2100,3900,1800
Product 6,Machining,2100,3900,1800
Product 7,Machining,2100,3900,1800
Product 8,Machining,2100,3900,1800
Product 9,Machining,2100,3900,1800
Product 10,Machining,2100,3900,1800
Product 11,Loading,3600,3900,300
Product 12,Loading,3600,3900,300
Product 13,Loading,3600,3900,300
Product 14,Loading,3600,3900,300
Product 15,Loading,3600,3900,300
Product 16,Loading,3600,3900,300
Product 17,Loading,3600,3900,300
Product 18,Loading,3600,3900,300
Product 19,Loading,3600,3900,300
Product 20,Loading,3600,3900,300
Product 1,Assembly,3900,5100,1200
Product 2,Assembly,3900,5100,1200
Product 3,Assembly,3900,5100,1200
Product 4,Assembly,3900,5100,1200
Product 5,Assembly,3900,5100,1200
Product 1,Unloading,5100,5400,300
Product 2,Unloading,5100,5400,300
Product 3,Unloading,5100,5400,300
Product 4,Unloading,5100,5400,300
Product 5,Unloading,5100,5400,300
Product 11,Machining,3900,5700,1800
Product 12,Machining,3900,5700,1800
Product 13,Machining,3900,5700,1800
Product 14,Machining,3900,5700,1800
Product 15,Machining,3900,5700,1800
Product 16,Machining,3900,5700,1800
Product 17,Machining,3900,5700,1800
Product 18,Machining,3900,5700,1800
Product 19,Machining,3900,5700,1800
Product 20,Machining,3900,5700,1800
Product 21,Loading,5400,5700,300
Product 22,Loading,5400,5700,300
Product 23,Loading,5400,5700,300
Product 24,Loading,5400,5700,300
Product 25,Loading,5400,5700,300
Product 26,Loading,5400,5700,300
Product 27,Loading,5400,5700,300
Product 28,Loading,5400,5700,300
Product 29,Loading,5400,5700,300
Product 30,Loading,5400,5700,300
Product 1,Inspection,5400,6000,600
Product 2,Inspection,5400,6000,600
Product 3,Inspection,5400,6000,600
Product 6,Assembly,3900,6300,2400
Product 7,Assembly,3900,6300,2400
Product 8,Assembly,3900,6300,2400
Product 9,Assembly,3900,6300,2400
Product 10,Assembly,3900,6300,2400
Product 4,Inspection,5400,6600,1200
Product 5,Inspection,5400,6600,1200
Product 6,Unloading,6300,6600,300
Product 7,Unloading,6300,6600,300
Product 8,Unloading,6300,6600,300
Product 9,Unloading,6300,6600,300
Product 10,Unloading,6300,6600,300
Product 1,Packaging,6000,6900,900
Product 2,Packaging,6000,6900,900
Product 6,Inspection,6600,7200,600
Product 7,Inspection,6600,7200,600
Product 8,Inspection,6600,7200,600
Product 21,Machining,5700,7500,1800
Product 22,Machining,5700,7500,1800
Product 23,Machining,5700,7500,1800
Product 24,Machining,5700,7500,1800
Product 25,Machining,5700,7500,1800
Product 26,Machining,5700,7500,1800
Product 27,Machining,5700,7500,1800
Product 28,Machining,5700,7500,1800
Product 29,Machining,5700,7500,1800
Product 30,Machining,5700,7500,1800
Product 11,Assembly,5700,7500,1800
Product 12,Assembly,5700,7500,1800
Product 13,Assembly,5700,7500,1800
Product 14,Assembly,5700,7500,1800
Product 15,Assembly,5700,7500,1800
Product 31,Loading,7200,7500,300
Product 32,Loading,7200,7500,300
Product 33,Loading,7200,7500,300
Product 34,Loading,7200,7500,300
Product 35,Loading,7200,7500,300
Product 36,Loading,7200,7500,300
Product 37,Loading,7200,7500,300
Product 38,Loading,7200,7500,300
Product 39,Loading,7200,7500,300
Product 40,Loading,7200,7500,300
Product 3,Packaging,6000,7800,1800
Product 4,Packaging,6600,7800,1200
Product 9,Inspection,6600,7800,1200
Product 10,Inspection,6600,7800,1200
Product 11,Unloading,7500,7800,300
Product 12,Unloading,7500,7800,300
Product 13,Unloading,7500,7800,300
Product 14,Unloading,7500,7800,300
Product 15,Unloading,7500,7800,300
Product 11,Inspection,7800,8400,600
Product 12,Inspection,7800,8400,600
Product 13,Inspection,7800,8400,600
Product 16,Assembly,5700,8700,3000
Product 17,Assembly,5700,8700,3000
Product 18,Assembly,5700,8700,3000
Product 19,Assembly,5700,8700,3000
Product 20,Assembly,5700,8700,3000
Product 5,Packaging,6600,8700,2100
Product 6,Packaging,7200,8700,1500
Product 14,Inspection,7800,9000,1200
Product 15,Inspection,7800,9000,1200
Product 16,Unloading,8700,9000,300
Product 17,Unloading,8700,9000,300
Product 18,Unloading,8700,9000,300
Product 19,Unloading,8700,9000,300
Product 20,Unloading,8700,9000,300
Product 31,Machining,7500,9300,1800
Product 32,Machining,7500,9300,1800
Product 33,Machining,7500,9300,1800
Product 34,Machining,7500,9300,1800
Product 35,Machining,7500,9300,1800
Product 36,Machining,7500,9300,1800
Product 37,Machining,7500,9300,1800
Product 38,Machining,7500,9300,1800
Product 39,Machining,7500,9300,1800
Product 40,Machining,7500,9300,1800
Product 41,Loading,9000,9300,300
Product 42,Loading,9000,9300,300
Product 43,Loading,9000,9300,300
Product 44,Loading,9000,9300,300
Product 45,Loading,9000,9300,300
Product 46,Loading,9000,9300,300
Product 47,Loading,9000,9300,300
Product 48,Loading,9000,9300,300
Product 49,Loading,9000,9300,300
Product 50,Loading,9000,9300,300
Product 7,Packaging,7200,9600,2400
Product 8,Packaging,7200,9600,2400
Product 16,Inspection,9000,9600,600
Product 17,Inspection,9000,9600,600
Product 18,Inspection,9000,9600,600
Product 21,Assembly,7500,9900,2400
Product 22,Assembly,7500,9900,2400
Product 23,Assembly,7500,9900,2400
Product 24,Assembly,7500,9900,2400
Product 25,Assembly,7500,9900,2400
Product 19,Inspection,9000,10200,1200
Product 20,Inspection,9000,10200,1200
Product 21,Unloading,9900,10200,300
Product 22,Unloading,9900,10200,300
Product 23,Unloading,9900,10200,300
Product 24,Unloading,9900,10200,300
Product 25,Unloading,9900,10200,300
Product 9,Packaging,7800,10500,2700
Product 10,Packaging,7800,10500,2700
Product 21,Inspection,10200,10800,600
Product 22,Inspection,10200,10800,600
Product 23,Inspection,10200,10800,600
Product 41,Machining,9300,11100,1800
Product 42,Machining,9300,11100,1800
Product 43,Machining,9300,11100,1800
Product 44,Machining,9300,11100,1800
Product 45,Machining,9300,11100,1800
Product 46,Machining,9300,11100,1800
Product 47,Machining,9300,11100,1800
Product 48,Machining,9300,11100,1800
Product 49,Machining,9300,11100,1800
Product 50,Machining,9300,11100,1800
Product 26,Assembly,7500,11100,3600
Product 27,Assembly,7500,11100,3600
Product 28,Assembly,7500,11100,3600
Product 29,Assembly,7500,11100,3600
Product 30,Assembly,7500,11100,3600
Product 51,Loading,10800,11100,300
Product 52,Loading,10800,11100,300
Product 53,Loading,10800,11100,300
Product 54,Loading,10800,11100,300
Product 55,Loading,10800,11100,300
Product 56,Loading,10800,11100,300
Product 57,Loading,10800,11100,300
Product 58,Loading,10800,11100,300
Product 59,Loading,10800,11100,300
Product 60,Loading,10800,11100,300
Product 11,Packaging,8400,11400,3000
Product 12,Packaging,8400,11400,3000
Product 24,Inspection,10200,11400,1200
Product 25,Inspection,10200,11400,1200
Product 26,Unloading,11100,11400,300
Product 27,Unloading,11100,11400,300
Product 28,Unloading,11100,11400,300
Product 29,Unloading,11100,11400,300
Product 30,Unloading,11100,11400,300
Product 26,Inspection,11400,12000,600
Product 27,Inspection,11400,12000,600
Product 28,Inspection,11400,12000,600
Product 31,Assembly,9300,12300,3000
Product 32,Assembly,9300,12300,3000
Product 33,Assembly,9300,12300,3000
Product 34,Assembly,9300,12300,3000
Product 35,Assembly,9300,12300,3000
Product 13,Packaging,8400,12300,3900
Product 14,Packaging,9000,12300,3300
Product 29,Inspection,11400,12600,1200
Product 30,Inspection,11400,12600,1200
Product 31,Unloading,12300,12600,300
Product 32,Unloading,12300,12600,300
Product 33,Unloading,12300,12600,300
Product 34,Unloading,12300,12600,300
Product 35,Unloading,12300,12600,300
Product 51,Machining,11100,12900,1800
Product 52,Machining,11100,12900,1800
Product 53,Machining,11100,12900,1800
Product 54,Machining,11100,12900,1800
Product 55,Machining,11100,12900,1800
Product 56,Machining,11100,12900,1800
Product 57,Machining,11100,12900,1800
Product 58,Machining,11100,12900,1800
Product 59,Machining,11100,12900,1800
Product 60,Machining,11100,12900,1800
Product 61,Loading,12600,12900,300
Product 62,Loading,12600,12900,300
Product 63,Loading,12600,12900,300
Product 64,Loading,12600,12900,300
Product 65,Loading,12600,12900,300
Product 66,Loading,12600,12900,300
Product 67,Loading,12600,12900,300
Product 68,Loading,12600,12900,300
Product 69,Loading,12600,12900,300
Product 70,Loading,12600,12900,300
Product 15,Packaging,9000,13200,4200
Product 16,Packaging,9600,13200,3600
Product 31,Inspection,12600,13200,600
Product 32,Inspection,12600,13200,600
Product 33,Inspection,12600,13200,600
Product 36,Assembly,9300,13500,4200
Product 37,Assembly,9300,13500,4200
Product 38,Assembly,9300,13500,4200
Product 39,Assembly,9300,13500,4200
Product 40,Assembly,9300,13500,4200
Product 34,Inspection,12600,13800,1200
Product 35,Inspection,12600,13800,1200
Product 36,Unloading,13500,13800,300
Product 37,Unloading,13500,13800,300
Product 38,Unloading,13500,13800,300
Product 39,Unloading,13500,13800,300
Product 40,Unloading,13500,13800,300
Product 17,Packaging,9600,14100,4500
Product 18,Packaging,9600,14100,4500
Product 36,Inspection,13800,14400,600
Product 37,Inspection,13800,14400,600
Product 38,Inspection,13800,14400,600
Product 61,Machining,12900,14700,1800
Product 62,Machining,12900,14700,1800
Product 63,Machining,12900,14700,1800
Product 64,Machining,12900,14700,1800
Product 65,Machining,12900,14700,1800
Product 66,Machining,12900,14700,1800
Product 67,Machining,12900,14700,1800
Product 68,Machining,12900,14700,1800
Product 69,Machining,12900,14700,1800
Product 70,Machining,12900,14700,1800
Product 41,Assembly,11100,14700,3600
Product 42,Assembly,11100,14700,3600
Product 43,Assembly,11100,14700,3600
Product 44,Assembly,11100,14700,3600
Product 45,Assembly,11100,14700,3600
Product 71,Loading,14400,14700,300
Product 72,Loading,14400,14700,300
Product 73,Loading,14400,14700,300
Product 74,Loading,14400,14700,300
Product 75,Loading,14400,14700,300
Product 76,Loading,14400,14700,300
Product 77,Loading,14400,14700,300
Product 78,Loading,14400,14700,300
Product 79,Loading,14400,14700,300
Product 80,Loading,14400,14700,300
Product 19,Packaging,10200,15000,4800
Product 20,Packaging,10200,15000,4800
Product 39,Inspection,13800,15000,1200
Product 40,Inspection,13800,15000,1200
Product 41,Unloading,14700,15000,300
Product 42,Unloading,14700,15000,300
Product 43,Unloading,14700,15000,300
Product 44,Unloading,14700,15000,300
Product 45,Unloading,14700,15000,300
Product 41,Inspection,15000,15600,600
Product 42,Inspection,15000,15600,600
Product 43,Inspection,15000,15600,600
Product 46,Assembly,11100,15900,4800
Product 47,Assembly,11100,15900,4800
Product 48,Assembly,11100,15900,4800
Product 49,Assembly,11100,15900,4800
Product 50,Assembly,11100,15900,4800
Product 21,Packaging,10800,15900,5100
Product 22,Packaging,10800,15900,5100
Product 44,Inspection,15000,16200,1200
Product 45,Inspection,15000,16200,1200
Product 46,Unloading,15900,16200,300
Product 47,Unloading,15900,16200,300
Product 48,Unloading,15900,16200,300
Product 49,Unloading,15900,16200,300
Product 50,Unloading,15900,16200,300
Product 71,Machining,14700,16500,1800
Product 72,Machining,14700,16500,1800
Product 73,Machining,14700,16500,1800
Product 74,Machining,14700,16500,1800
Product 75,Machining,14700,16500,1800
Product 76,Machining,14700,16500,1800
Product 77,Machining,14700,16500,1800
Product 78,Machining,14700,16500,1800
Product 79,Machining,14700,16500,1800
Product 80,Machining,14700,16500,1800
Product 81,Loading,16200,16500,300
Product 82,Loading,16200,16500,300
Product 83,Loading,16200,16500,300
Product 84,Loading,16200,16500,300
Product 85,Loading,16200,16500,300
Product 86,Loading,16200,16500,300
Product 87,Loading,16200,16500,300
Product 88,Loading,16200,16500,300
Product 89,Loading,16200,16500,300
Product 90,Loading,16200,16500,300
Product 23,Packaging,10800,16800,6000
Product 24,Packaging,11400,16800,5400
Product 46,Inspection,16200,16800,600
Product 47,Inspection,16200,16800,600
Product 48,Inspection,16200,16800,600
Product 51,Assembly,12900,17100,4200
Product 52,Assembly,12900,17100,4200
Product 53,Assembly,12900,17100,4200
Product 54,Assembly,12900,17100,4200
Product 55,Assembly,12900,17100,4200
Product 49,Inspection,16200,17400,1200
Product 50,Inspection,16200,17400,1200
Product 51,Unloading,17100,17400,300
Product 52,Unloading,17100,17400,300
Product 53,Unloading,17100,17400,300
Product 54,Unloading,17100,17400,300
Product 55,Unloading,17100,17400,300
Product 25,Packaging,11400,17700,6300
Product 26,Packaging,12000,17700,5700
Product 51,Inspection,17400,18000,600
Product 52,Inspection,17400,18000,600
Product 53,Inspection,17400,18000,600
Product 81,Machining,16500,18300,1800
Product 82,Machining,16500,18300,1800
Product 83,Machining,16500,18300,1800
Product 84,Machining,16500,18300,1800
Product 85,Machining,16500,18300,1800
Product 86,Machining,16500,18300,1800
Product 87,Machining,16500,18300,1800
Product 88,Machining,16500,18300,1800
Product 89,Machining,16500,18300,1800
Product 90,Machining,16500,18300,1800
Product 56,Assembly,12900,18300,5400
Product 57,Assembly,12900,18300,5400
Product 58,Assembly,12900,18300,5400
Product 59,Assembly,12900,18300,5400
Product 60,Assembly,12900,18300,5400
Product 91,Loading,18000,18300,300
Product 92,Loading,18000,18300,300
Product 93,Loading,18000,18300,300
Product 94,Loading,18000,18300,300
Product 95,Loading,18000,18300,300
Product 96,Loading,18000,18300,300
Product 97,Loading,18000,18300,300
Product 98,Loading,18000,18300,300
Product 99,Loading,18000,18300,300
Product 100,Loading,18000,18300,300
Product 27,Packaging,12000,18600,6600
Product 28,Packaging,12000,18600,6600
Product 54,Inspection,17400,18600,1200
Product 55,Inspection,17400,18600,1200
Product 56,Unloading,18300,18600,300
Product 57,Unloading,18300,18600,300
Product 58,Unloading,18300,18600,300
Product 59,Unloading,18300,18600,300
Product 60,Unloading,18300,18600,300
Product 56,Inspection,18600,19200,600
Product 57,Inspection,18600,19200,600
Product 58,Inspection,18600,19200,600
Product 61,Assembly,14700,19500,4800
Product 62,Assembly,14700,19500,4800
Product 63,Assembly,14700,19500,4800
Product 64,Assembly,14700,19500,4800
Product 65,Assembly,14700,19500,4800
Product 29,Packaging,12600,19500,6900
Product 30,Packaging,12600,19500,6900
Product 59,Inspection,18600,19800,1200
Product 60,Inspection,18600,19800,1200
Product 61,Unloading,19500,19800,300
Product 62,Unloading,19500,19800,300
Product 63,Unloading,19500,19800,300
Product 64,Unloading,19500,19800,300
Product 65,Unloading,19500,19800,300
Product 91,Machining,18300,20100,1800
Product 92,Machining,18300,20100,1800
Product 93,Machining,18300,20100,1800
Product 94,Machining,18300,20100,1800
Product 95,Machining,18300,20100,1800
Product 96,Machining,18300,20100,1800
Product 97,Machining,18300,20100,1800
Product 98,Machining,18300,20100,1800
Product 99,Machining,18300,20100,1800
Product 100,Machining,18300,20100,1800
Product 101,Loading,19800,20100,300
Product 102,Loading,19800,20100,300
Product 103,Loading,19800,20100,300
Product 104,Loading,19800,20100,300
Product 105,Loading,19800,20100,300
Product 106,Loading,19800,20100,300
Product 107,Loading,19800,20100,300
Product 108,Loading,19800,20100,300
Product 109,Loading,19800,20100,300
Product 110,Loading,19800,20100,300
Product 31,Packaging,13200,20400,7200
Product 32,Packaging,13200,20400,7200
Product 61,Inspection,19800,20400,600
Product 62,Inspection,19800,20400,600
Product 63,Inspection,19800,20400,600
Product 66,Assembly,14700,20700,6000
Product 67,Assembly,14700,20700,6000
Product 68,Assembly,14700,20700,6000
Product 69,Assembly,14700,20700,6000
Product 70,Assembly,14700,20700,6000
Product 64,Inspection,19800,21000,1200
Product 65,Inspection,19800,21000,1200
Product 66,Unloading,20700,21000,300
Product 67,Unloading,20700,21000,300
Product 68,Unloading,20700,21000,300
Product 69,Unloading,20700,21000,300
Product 70,Unloading,20700,21000,300
Product 33,Packaging,13200,21300,8100
Product 34,Packaging,13800,21300,7500
Product 66,Inspection,21000,21600,600
Product 67,Inspection,21000,21600,600
Product 68,Inspection,21000,21600,600
Product 101,Machining,20100,21900,1800
Product 102,Machining,20100,21900,1800
Product 103,Machining,20100,21900,1800
Product 104,Machining,20100,21900,1800
Product 105,Machining,20100,21900,1800
Product 106,Machining,20100,21900,1800
Product 107,Machining,20100,21900,1800
Product 108,Machining,20100,21900,1800
Product 109,Machining,20100,21900,1800
Product 110,Machining,20100,21900,1800
Product 71,Assembly,16500,21900,5400
Product 72,Assembly,16500,21900,5400
Product 73,Assembly,16500,21900,5400
Product 74,Assembly,16500,21900,5400
Product 75,Assembly,16500,21900,5400
Product 111,Loading,21600,21900,300
Product 112,Loading,21600,21900,300
Product 113,Loading,21600,21900,300
Product 114,Loading,21600,21900,300
Product 115,Loading,21600,21900,300
Product 116,Loading,21600,21900,300
Product 117,Loading,21600,21900,300
Product 118,Loading,21600,21900,300
Product 119,Loading,21600,21900,300
Product 120,Loading,21600,21900,300
Product 35,Packaging,13800,22200,8400
Product 36,Packaging,14400,22200,7800
Product 69,Inspection,21000,22200,1200
Product 70,Inspection,21000,22200,1200
Product 71,Unloading,21900,22200,300
Product 72,Unloading,21900,22200,300
Product 73,Unloading,21900,22200,300
Product 74,Unloading,21900,22200,300
Product 75,Unloading,21900,22200,300
Product 71,Inspection,22200,22800,600
Product 72,Inspection,22200,22800,600
Product 73,Inspection,22200,22800,600
Product 76,Assembly,16500,23100,6600
Product 77,Assembly,16500,23100,6600
Product 78,Assembly,16500,23100,6600
Product 79,Assembly,16500,23100,6600
Product 80,Assembly,16500,23100,6600
Product 37,Packaging,14400,23100,8700
Product 38,Packaging,14400,23100,8700
Product 74,Inspection,22200,23400,1200
Product 75,Inspection,22200,23400,1200
Product 76,Unloading,23100,23400,300
Product 77,Unloading,23100,23400,300
Product 78,Unloading,23100,23400,300
Product 79,Unloading,23100,23400,300
Product 80,Unloading,23100,23400,300
Product 111,Machining,21900,23700,1800
Product 112,Machining,21900,23700,1800
Product 113,Machining,21900,23700,1800
Product 114,Machining,21900,23700,1800
Product 115,Machining,21900,23700,1800
Product 116,Machining,21900,23700,1800
Product 117,Machining,21900,23700,1800
Product 118,Machining,21900,23700,1800
Product 119,Machining,21900,23700,1800
Product 120,Machining,21900,23700,1800
Product 121,Loading,23400,23700,300
Product 122,Loading,23400,23700,300
Product 123,Loading,23400,23700,300
Product 124,Loading,23400,23700,300
Product 125,Loading,23400,23700,300
Product 126,Loading,23400,23700,300
Product 127,Loading,23400,23700,300
Product 128,Loading,23400,23700,300
Product 129,Loading,23400,23700,300
Product 130,Loading,23400,23700,300
Product 39,Packaging,15000,24000,9000
Product 40,Packaging,15000,24000,9000
Product 76,Inspection,23400,24000,600
Product 77,Inspection,23400,24000,600
Product 78,Inspection,23400,24000,600
Product 81,Assembly,18300,24300,6000
Product 82,Assembly,18300,24300,6000
Product 83,Assembly,18300,24300,6000
Product 84,Assembly,18300,24300,6000
Product 85,Assembly,18300,24300,6000
Product 79,Inspection,23400,24600,1200
Product 80,Inspection,23400,24600,1200
Product 81,Unloading,24300,24600,300
Product 82,Unloading,24300,24600,300
Product 83,Unloading,24300,24600,300
Product 84,Unloading,24300,24600,300
Product 85,Unloading,24300,24600,300
Product 41,Packaging,15600,24900,9300
Product 42,Packaging,15600,24900,9300
Product 81,Inspection,24600,25200,600
Product 82,Inspection,24600,25200,600
Product 83,Inspection,24600,25200,600
Product 121,Machining,23700,25500,1800
Product 122,Machining,23700,25500,1800
Product 123,Machining,23700,25500,1800
Product 124,Machining,23700,25500,1800
Product 125,Machining,23700,25500,1800
Product 126,Machining,23700,25500,1800
Product 127,Machining,23700,25500,1800
Product 128,Machining,23700,25500,1800
Product 129,Machining,23700,25500,1800
Product 130,Machining,23700,25500,1800
Product 86,Assembly,18300,25500,7200
Product 87,Assembly,18300,25500,7200
Product 88,Assembly,18300,25500,7200
Product 89,Assembly,18300,25500,7200
Product 90,Assembly,18300,25500,7200
Product 131,Loading,25200,25500,300
Product 132,Loading,25200,25500,300
Product 133,Loading,25200,25500,300
Product 134,Loading,25200,25500,300
Product 135,Loading,25200,25500,300
Product 136,Loading,25200,25500,300
Product 137,Loading,25200,25500,300
Product 138,Loading,25200,25500,300
Product 139,Loading,25200,25500,300
Product 140,Loading,25200,25500,300
Product 43,Packaging,15600,25800,10200
Product 44,Packaging,16200,25800,9600
Product 84,Inspection,24600,25800,1200
Product 85,Inspection,24600,25800,1200
Product 86,Unloading,25500,25800,300
Product 87,Unloading,25500,25800,300
Product 88,Unloading,25500,25800,300
Product 89,Unloading,25500,25800,300
Product 90,Unloading,25500,25800,300
Product 86,Inspection,25800,26400,600
Product 87,Inspection,25800,26400,600
Product 88,Inspection,25800,26400,600
Product 91,Assembly,20100,26700,6600
Product 92,Assembly,20100,26700,6600
Product 93,Assembly,20100,26700,6600
Product 94,Assembly,20100,26700,6600
Product 95,Assembly,20100,26700,6600
Product 45,Packaging,16200,26700,10500
Product 46,Packaging,16800,26700,9900
Product 89,Inspection,25800,27000,1200
Product 90,Inspection,25800,27000,1200
Product 91,Unloading,26700,27000,300
Product 92,Unloading,26700,27000,300
Product 93,Unloading,26700,27000,300
Product 94,Unloading,26700,27000,300
Product 95,Unloading,26700,27000,300
Product 131,Machining,25500,27300,1800
Product 132,Machining,25500,27300,1800
Product 133,Machining,25500,27300,1800
Product 134,Machining,25500,27300,1800
Product 135,Machining,25500,27300,1800
Product 136,Machining,25500,27300,1800
Product 137,Machining,25500,27300,1800
Product 138,Machining,25500,27300,1800
Product 139,Machining,25500,27300,1800
Product 140,Machining,25500,27300,1800
Product 141,Loading,27000,27300,300
Product 142,Loading,27000,27300,300
Product 143,Loading,27000,27300,300
Product 144,Loading,27000,27300,300
Product 145,Loading,27000,27300,300
Product 146,Loading,27000,27300,300
Product 147,Loading,27000,27300,300
Product 148,Loading,27000,27300,300
Product 149,Loading,27000,27300,300
Product 150,Loading,27000,27300,300
Product 47,Packaging,16800,27600,10800
Product 48,Packaging,16800,27600,10800
Product 91,Inspection,27000,27600,600
Product 92,Inspection,27000,27600,600
Product 93,Inspection,27000,27600,600
Product 96,Assembly,20100,27900,7800
Product 97,Assembly,20100,27900,7800
Product 98,Assembly,20100,27900,7800
Product 99,Assembly,20100,27900,7800
Product 100,Assembly,20100,27900,7800
Product 94,Inspection,27000,28200,1200
Product 95,Inspection,27000,28200,1200
Product 96,Unloading,27900,28200,300
Product 97,Unloading,27900,28200,300
Product 98,Unloading,27900,28200,300
Product 99,Unloading,27900,28200,300
Product 100,Unloading,27900,28200,300
Product 49,Packaging,17400,28500,11100
Product 50,Packaging,17400,28500,11100
Product 96,Inspection,28200,28800,600
Product 97,Inspection,28200,28800,600
Product 98,Inspection,28200,28800,600
Product 141,Machining,27300,29100,1800
Product 142,Machining,27300,29100,1800
Product 143,Machining,27300,29100,1800
Product 144,Machining,27300,29100,1800
Product 145,Machining,27300,29100,1800
Product 146,Machining,27300,29100,1800
Product 147,Machining,27300,29100,1800
Product 148,Machining,27300,29100,1800
Product 149,Machining,27300,29100,1800
Product 150,Machining,27300,29100,1800
Product 101,Assembly,21900,29100,7200
Product 102,Assembly,21900,29100,7200
Product 103,Assembly,21900,29100,7200
Product 104,Assembly,21900,29100,7200
Product 105,Assembly,21900,29100,7200
Product 151,Loading,28800,29100,300
Product 152,Loading,28800,29100,300
Product 153,Loading,28800,29100,300
Product 154,Loading,28800,29100,300
Product 155,Loading,28800,29100,300
Product 156,Loading,28800,29100,300
Product 157,Loading,28800,29100,300
Product 158,Loading,28800,29100,300
Product 159,Loading,28800,29100,300
Product 160,Loading,28800,29100,300
Product 51,Packaging,18000,29400,11400
Product 52,Packaging,18000,29400,11400
Product 99,Inspection,28200,29400,1200
Product 100,Inspection,28200,29400,1200
Product 101,Unloading,29100,29400,300
Product 102,Unloading,29100,29400,300
Product 103,Unloading,29100,29400,300
Product 104,Unloading,29100,29400,300
Product 105,Unloading,29100,29400,300
Product 101,Inspection,29400,30000,600
Product 102,Inspection,29400,30000,600
Product 103,Inspection,29400,30000,600
Product 106,Assembly,21900,30300,8400
Product 107,Assembly,21900,30300,8400
Product 108,Assembly,21900,30300,8400
Product 109,Assembly,21900,30300,8400
Product 110,Assembly,21900,30300,8400
Product 53,Packaging,18000,30300,12300
Product 54,Packaging,18600,30300,11700
Product 104,Inspection,29400,30600,1200
Product 105,Inspection,29400,30600,1200
Product 106,Unloading,30300,30600,300
Product 107,Unloading,30300,30600,300
Product 108,Unloading,30300,30600,300
Product 109,Unloading,30300,30600,300
Product 110,Unloading,30300,30600,300
Product 151,Machining,29100,30900,1800
Product 152,Machining,29100,30900,1800
Product 153,Machining,29100,30900,1800
Product 154,Machining,29100,30900,1800
Product 155,Machining,29100,30900,1800
Product 156,Machining,29100,30900,1800
Product 157,Machining,29100,30900,1800
Product 158,Machining,29100,30900,1800
Product 159,Machining,29100,30900,1800
Product 160,Machining,29100,30900,1800
Product 161,Loading,30600,30900,300
Product 162,Loading,30600,30900,300
Product 163,Loading,30600,30900,300
Product 164,Loading,30600,30900,300
Product 165,Loading,30600,30900,300
Product 166,Loading,30600,30900,300
Product 167,Loading,30600,30900,300
Product 168,Loading,30600,30900,300
Product 169,Loading,30600,30900,300
Product 170,Loading,30600,30900,300
Product 55,Packaging,18600,31200,12600
Product 56,Packaging,19200,31200,12000
Product 106,Inspection,30600,31200,600
Product 107,Inspection,30600,31200,600
Product 108,Inspection,30600,31200,600
Product 111,Assembly,23700,31500,7800
Product 112,Assembly,23700,31500,7800
Product 113,Assembly,23700,31500,7800
Product 114,Assembly,23700,31500,7800
Product 115,Assembly,23700,31500,7800
Product 109,Inspection,30600,31800,1200
Product 110,Inspection,30600,31800,1200
Product 111,Unloading,31500,31800,300
Product 112,Unloading,31500,31800,300
Product 113,Unloading,31500,31800,300
Product 114,Unloading,31500,31800,300
Product 115,Unloading,31500,31800,300
Product 57,Packaging,19200,32100,12900
Product 58,Packaging,19200,32100,12900
Product 111,Inspection,31800,32400,600
Product 112,Inspection,31800,32400,600
Product 113,Inspection,31800,32400,600
Product 161,Machining,30900,32700,1800
Product 162,Machining,30900,32700,1800
Product 163,Machining,30900,32700,1800
Product 164,Machining,30900,32700,1800
Product 165,Machining,30900,32700,1800
Product 166,Machining,30900,32700,1800
Product 167,Machining,30900,32700,1800
Product 168,Machining,30900,32700,1800
Product 169,Machining,30900,32700,1800
Product 170,Machining,30900,32700,1800
Product 116,Assembly,23700,32700,9000
Product 117,Assembly,23700,32700,9000
Product 118,Assembly,23700,32700,9000
Product 119,Assembly,23700,32700,9000
Product 120,Assembly,23700,32700,9000
Product 171,Loading,32400,32700,300
Product 172,Loading,32400,32700,300
Product 173,Loading,32400,32700,300
Product 174,Loading,32400,32700,300
Product 175,Loading,32400,32700,300
Product 176,Loading,32400,32700,300
Product 177,Loading,32400,32700,300
Product 178,Loading,32400,32700,300
Product 179,Loading,32400,32700,300
Product 180,Loading,32400,32700,300
Product 59,Packaging,19800,33000,13200
Product 60,Packaging,19800,33000,13200
Product 114,Inspection,31800,33000,1200
Product 115,Inspection,31800,33000,1200
Product 116,Unloading,32700,33000,300
Product 117,Unloading,32700,33000,300
Product 118,Unloading,32700,33000,300
Product 119,Unloading,32700,33000,300
Product 120,Unloading,32700,33000,300
Product 116,Inspection,33000,33600,600
Product 117,Inspection,33000,33600,600
Product 118,Inspection,33000,33600,600
Product 121,Assembly,25500,33900,8400
Product 122,Assembly,25500,33900,8400
Product 123,Assembly,25500,33900,8400
Product 124,Assembly,25500,33900,8400
Product 125,Assembly,25500,33900,8400
Product 61,Packaging,20400,33900,13500
Product 62,Packaging,20400,33900,13500
Product 119,Inspection,33000,34200,1200
Product 120,Inspection,33000,34200,1200
Product 121,Unloading,33900,34200,300
Product 122,Unloading,33900,34200,300
Product 123,Unloading,33900,34200,300
Product 124,Unloading,33900,34200,300
Product 125,Unloading,33900,34200,300
Product 171,Machining,32700,34500,1800
Product 172,Machining,32700,34500,1800
Product 173,Machining,32700,34500,1800
Product 174,Machining,32700,34500,1800
Product 175,Machining,32700,34500,1800
Product 176,Machining,32700,34500,1800
Product 177,Machining,32700,34500,1800
Product 178,Machining,32700,34500,1800
Product 179,Machining,32700,34500,1800
Product 180,Machining,32700,34500,1800
Product 181,Loading,34200,34500,300
Product 182,Loading,34200,34500,300
Product 183,Loading,34200,34500,300
Product 184,Loading,34200,34500,300
Product 185,Loading,34200,34500,300
Product 186,Loading,34200,34500,300
Product 187,Loading,34200,34500,300
Product 188,Loading,34200,34500,300
Product 189,Loading,34200,34500,300
Product 190,Loading,34200,34500,300
Product 63,Packaging,20400,34800,14400
Product 64,Packaging,21000,34800,13800
Product 121,Inspection,34200,34800,600
Product 122,Inspection,34200,34800,600
Product 123,Inspection,34200,34800,600
Product 126,Assembly,25500,35100,9600
Product 127,Assembly,25500,35100,9600
Product 128,Assembly,25500,35100,9600
Product 129,Assembly,25500,35100,9600
Product 130,Assembly,25500,35100,9600
Product 124,Inspection,34200,35400,1200
Product 125,Inspection,34200,35400,1200
Product 126,Unloading,35100,35400,300
Product 127,Unloading,35100,35400,300
Product 128,Unloading,35100,35400,300
Product 129,Unloading,35100,35400,300
Product 130,Unloading,35100,35400,300
Product 65,Packaging,21000,35700,14700
Product 66,Packaging,21600,35700,14100
Product 126,Inspection,35400,36000,600
Product 127,Inspection,35400,36000,600
Product 128,Inspection,35400,36000,600
Product 181,Machining,34500,36300,1800
Product 182,Machining,34500,36300,1800
Product 183,Machining,34500,36300,1800
Product 184,Machining,34500,36300,1800
Product 185,Machining,34500,36300,1800
Product 186,Machining,34500,36300,1800
Product 187,Machining,34500,36300,1800
Product 188,Machining,34500,36300,1800
Product 189,Machining,34500,36300,1800
Product 190,Machining,34500,36300,1800
Product 131,Assembly,27300,36300,9000
Product 132,Assembly,27300,36300,9000
Product 133,Assembly,27300,36300,9000
Product 134,Assembly,27300,36300,9000
Product 135,Assembly,27300,36300,9000
Product 191,Loading,36000,36300,300
Product 192,Loading,36000,36300,300
Product 193,Loading,36000,36300,300
Product 194,Loading,36000,36300,300
Product 195,Loading,36000,36300,300
Product 196,Loading,36000,36300,300
Product 197,Loading,36000,36300,300
Product 198,Loading,36000,36300,300
Product 199,Loading,36000,36300,300
Product 200,Loading,36000,36300,300
Product 67,Packaging,21600,36600,15000
Product 68,Packaging,21600,36600,15000
Product 129,Inspection,35400,36600,1200
Product 130,Inspection,35400,36600,1200
Product 131,Unloading,36300,36600,300
Product 132,Unloading,36300,36600,300
Product 133,Unloading,36300,36600,300
Product 134,Unloading,36300,36600,300
Product 135,Unloading,36300,36600,300
Product 131,Inspection,36600,37200,600
Product 132,Inspection,36600,37200,600
Product 133,Inspection,36600,37200,600
Product 136,Assembly,27300,37500,10200
Product 137,Assembly,27300,37500,10200
Product 138,Assembly,27300,37500,10200
Product 139,Assembly,27300,37500,10200
Product 140,Assembly,27300,37500,10200
Product 69,Packaging,22200,37500,15300
Product 70,Packaging,22200,37500,15300
Product 134,Inspection,36600,37800,1200
Product 135,Inspection,36600,37800,1200
Product 136,Unloading,37500,37800,300
Product 137,Unloading,37500,37800,300
Product 138,Unloading,37500,37800,300
Product 139,Unloading,37500,37800,300
Product 140,Unloading,37500,37800,300
Product 191,Machining,36300,38100,1800
Product 192,Machining,36300,38100,1800
Product 193,Machining,36300,38100,1800
Product 194,Machining,36300,38100,1800
Product 195,Machining,36300,38100,1800
Product 196,Machining,36300,38100,1800
Product 197,Machining,36300,38100,1800
Product 198,Machining,36300,38100,1800
Product 199,Machining,36300,38100,1800
Product 200,Machining,36300,38100,1800
Product 201,Loading,37800,38100,300
Product 202,Loading,37800,38100,300
Product 203,Loading,37800,38100,300
Product 204,Loading,37800,38100,300
Product 205,Loading,37800,38100,300
Product 206,Loading,37800,38100,300
Product 207,Loading,37800,38100,300
Product 208,Loading,37800,38100,300
Product 209,Loading,37800,38100,300
Product 210,Loading,37800,38100,300
Product 71,Packaging,22800,38400,15600
Product 72,Packaging,22800,38400,15600
Product 136,Inspection,37800,38400,600
Product 137,Inspection,37800,38400,600
Product 138,Inspection,37800,38400,600
Product 141,Assembly,29100,38700,9600
Product 142,Assembly,29100,38700,9600
Product 143,Assembly,29100,38700,9600
Product 144,Assembly,29100,38700,9600
Product 145,Assembly,29100,38700,9600
Product 139,Inspection,37800,39000,1200
Product 140,Inspection,37800,39000,1200
Product 141,Unloading,38700,39000,300
Product 142,Unloading,38700,39000,300
Product 143,Unloading,38700,39000,300
Product 144,Unloading,38700,39000,300
Product 145,Unloading,38700,39000,300
Product 73,Packaging,22800,39300,16500
Product 74,Packaging,23400,39300,15900
Product 141,Inspection,39000,39600,600
Product 142,Inspection,39000,39600,600
Product 143,Inspection,39000,39600,600
Product 201,Machining,38100,39900,1800
Product 202,Machining,38100,39900,1800
Product 203,Machining,38100,39900,1800
Product 204,Machining,38100,39900,1800
Product 205,Machining,38100,39900,1800
Product 206,Machining,38100,39900,1800
Product 207,Machining,38100,39900,1800
Product 208,Machining,38100,39900,1800
Product 209,Machining,38100,39900,1800
Product 210,Machining,38100,39900,1800
Product 146,Assembly,29100,39900,10800
Product 147,Assembly,29100,39900,10800
Product 148,Assembly,29100,39900,10800
Product 149,Assembly,29100,39900,10800
Product 150,Assembly,29100,39900,10800
Product 211,Loading,39600,39900,300
Product 212,Loading,39600,39900,300
Product 213,Loading,39600,39900,300
Product 214,Loading,39600,39900,300
Product 215,Loading,39600,39900,300
Product 216,Loading,39600,39900,300
Product 217,Loading,39600,39900,300
Product 218,Loading,39600,39900,300
Product 219,Loading,39600,39900,300
Product 220,Loading,39600,39900,300
Product 75,Packaging,23400,40200,16800
Product 76,Packaging,24000,40200,16200
Product 144,Inspection,39000,40200,1200
Product 145,Inspection,39000,40200,1200
Product 146,Unloading,39900,40200,300
Product 147,Unloading,39900,40200,300
Product 148,Unloading,39900,40200,300
Product 149,Unloading,39900,40200,300
Product 150,Unloading,39900,40200,300
Product 146,Inspection,40200,40800,600
Product 147,Inspection,40200,40800,600
Product 148,Inspection,40200,40800,600
Product 151,Assembly,30900,41100,10200
Product 152,Assembly,30900,41100,10200
Product 153,Assembly,30900,41100,10200
Product 154,Assembly,30900,41100,10200
Product 155,Assembly,30900,41100,10200
Product 77,Packaging,24000,41100,17100
Product 78,Packaging,24000,41100,17100
Product 149,Inspection,40200,41400,1200
Product 150,Inspection,40200,41400,1200
Product 151,Unloading,41100,41400,300
Product 152,Unloading,41100,41400,300
Product 153,Unloading,41100,41400,300
Product 154,Unloading,41100,41400,300
Product 155,Unloading,41100,41400,300
Product 211,Machining,39900,41700,1800
Product 212,Machining,39900,41700,1800
Product 213,Machining,39900,41700,1800
Product 214,Machining,39900,41700,1800
Product 215,Machining,39900,41700,1800
Product 216,Machining,39900,41700,1800
Product 217,Machining,39900,41700,1800
Product 218,Machining,39900,41700,1800
Product 219,Machining,39900,41700,1800
Product 220,Machining,39900,41700,1800
Product 221,Loading,41400,41700,300
Product 222,Loading,41400,41700,300
Product 223,Loading,41400,41700,300
Product 224,Loading,41400,41700,300
Product 225,Loading,41400,41700,300
Product 226,Loading,41400,41700,300
Product 227,Loading,41400,41700,300
Product 228,Loading,41400,41700,300
Product 229,Loading,41400,41700,300
Product 230,Loading,41400,41700,300
Product 79,Packaging,24600,42000,17400
Product 80,Packaging,24600,42000,17400
Product 151,Inspection,41400,42000,600
Product 152,Inspection,41400,42000,600
Product 153,Inspection,41400,42000,600
Product 156,Assembly,30900,42300,11400
Product 157,Assembly,30900,42300,11400
Product 158,Assembly,30900,42300,11400
Product 159,Assembly,30900,42300,11400
Product 160,Assembly,30900,42300,11400
Product 154,Inspection,41400,42600,1200
Product 155,Inspection,41400,42600,1200
Product 156,Unloading,42300,42600,300
Product 157,Unloading,42300,42600,300
Product 158,Unloading,42300,42600,300
Product 159,Unloading,42300,42600,300
Product 160,Unloading,42300,42600,300
Product 81,Packaging,25200,42900,17700
Product 82,Packaging,25200,42900,17700
Product 156,Inspection,42600,43200,600
Product 157,Inspection,42600,43200,600
Product 158,Inspection,42600,43200,600
Product 221,Machining,41700,43500,1800
Product 222,Machining,41700,43500,1800
Product 223,Machining,41700,43500,1800
Product 224,Machining,41700,43500,1800
Product 225,Machining,41700,43500,1800
Product 226,Machining,41700,43500,1800
Product 227,Machining,41700,43500,1800
Product 228,Machining,41700,43500,1800
Product 229,Machining,41700,43500,1800
Product 230,Machining,41700,43500,1800
Product 161,Assembly,32700,43500,10800
Product 162,Assembly,32700,43500,10800
Product 163,Assembly,32700,43500,10800
Product 164,Assembly,32700,43500,10800
Product 165,Assembly,32700,43500,10800
Product 231,Loading,43200,43500,300
Product 232,Loading,43200,43500,300
Product 233,Loading,43200,43500,300
Product 234,Loading,43200,43500,300
Product 235,Loading,43200,43500,300
Product 236,Loading,43200,43500,300
Product 237,Loading,43200,43500,300
Product 238,Loading,43200,43500,300
Product 239,Loading,43200,43500,300
Product 240,Loading,43200,43500,300
Product 83,Packaging,25200,43800,18600
Product 84,Packaging,25800,43800,18000
Product 159,Inspection,42600,43800,1200
Product 160,Inspection,42600,43800,1200
Product 161,Unloading,43500,43800,300
Product 162,Unloading,43500,43800,300
Product 163,Unloading,43500,43800,300
Product 164,Unloading,43500,43800,300
Product 165,Unloading,43500,43800,300
Product 161,Inspection,43800,44400,600
Product 162,Inspection,43800,44400,600
Product 163,Inspection,43800,44400,600
Product 166,Assembly,32700,44700,12000
Product 167,Assembly,32700,44700,12000
Product 168,Assembly,32700,44700,12000
Product 169,Assembly,32700,44700,12000
Product 170,Assembly,32700,44700,12000
Product 85,Packaging,25800,44700,18900
Product 86,Packaging,26400,44700,18300
Product 164,Inspection,43800,45000,1200
Product 165,Inspection,43800,45000,1200
Product 166,Unloading,44700,45000,300
Product 167,Unloading,44700,45000,300
Product 168,Unloading,44700,45000,300
Product 169,Unloading,44700,45000,300
Product 170,Unloading,44700,45000,300
Product 231,Machining,43500,45300,1800
Product 232,Machining,43500,45300,1800
Product 233,Machining,43500,45300,1800
Product 234,Machining,43500,45300,1800
Product 235,Machining,43500,45300,1800
Product 236,Machining,43500,45300,1800
Product 237,Machining,43500,45300,1800
Product 238,Machining,43500,45300,1800
Product 239,Machining,43500,45300,1800
Product 240,Machining,43500,45300,1800
Product 241,Loading,45000,45300,300
Product 242,Loading,45000,45300,300
Product 243,Loading,45000,45300,300
Product 244,Loading,45000,45300,300
Product 245,Loading,45000,45300,300
Product 246,Loading,45000,45300,300
Product 247,Loading,45000,45300,300
Product 248,Loading,45000,45300,300
Product 249,Loading,45000,45300,300
Product 250,Loading,45000,45300,300
Product 87,Packaging,26400,45600,19200
Product 88,Packaging,26400,45600,19200
Product 166,Inspection,45000,45600,600
Product 167,Inspection,45000,45600,600
Product 168,Inspection,45000,45600,600
Product 171,Assembly,34500,45900,11400
Product 172,Assembly,34500,45900,11400
Product 173,Assembly,34500,45900,11400
Product 174,Assembly,34500,45900,11400
Product 175,Assembly,34500,45900,11400
Product 169,Inspection,45000,46200,1200
Product 170,Inspection,45000,46200,1200
Product 171,Unloading,45900,46200,300
Product 172,Unloading,45900,46200,300
Product 173,Unloading,45900,46200,300
Product 174,Unloading,45900,46200,300
Product 175,Unloading,45900,46200,300
Product 89,Packaging,27000,46500,19500
Product 90,Packaging,27000,46500,19500
Product 171,Inspection,46200,46800,600
Product 172,Inspection,46200,46800,600
Product 173,Inspection,46200,46800,600
Product 241,Machining,45300,47100,1800
Product 242,Machining,45300,47100,1800
Product 243,Machining,45300,47100,1800
Product 244,Machining,45300,47100,1800
Product 245,Machining,45300,47100,1800
Product 246,Machining,45300,47100,1800
Product 247,Machining,45300,47100,1800
Product 248,Machining,45300,47100,1800
Product 249,Machining,45300,47100,1800
Product 250,Machining,45300,47100,1800
Product 176,Assembly,34500,47100,12600
Product 177,Assembly,34500,47100,12600
Product 178,Assembly,34500,47100,12600
Product 179,Assembly,34500,47100,12600
Product 180,Assembly,34500,47100,12600
Product 251,Loading,46800,47100,300
Product 252,Loading,46800,47100,300
Product 253,Loading,46800,47100,300
Product 254,Loading,46800,47100,300
Product 255,Loading,46800,47100,300
Product 256,Loading,46800,47100,300
Product 257,Loading,46800,47100,300
Product 258,Loading,46800,47100,300
Product 259,Loading,46800,47100,300
Product 260,Loading,46800,47100,300
Product 91,Packaging,27600,47400,19800
Product 92,Packaging,27600,47400,19800
Product 174,Inspection,46200,47400,1200
Product 175,Inspection,46200,47400,1200
Product 176,Unloading,47100,47400,300
Product 177,Unloading,47100,47400,300
Product 178,Unloading,47100,47400,300
Product 179,Unloading,47100,47400,300
Product 180,Unloading,47100,47400,300
Product 176,Inspection,47400,48000,600
Product 177,Inspection,47400,48000,600
Product 178,Inspection,47400,48000,600
Product 181,Assembly,36300,48300,12000
Product 182,Assembly,36300,48300,12000
Product 183,Assembly,36300,48300,12000
Product 184,Assembly,36300,48300,12000
Product 185,Assembly,36300,48300,12000
Product 93,Packaging,27600,48300,20700
Product 94,Packaging,28200,48300,20100
Product 179,Inspection,47400,48600,1200
Product 180,Inspection,47400,48600,1200
Product 181,Unloading,48300,48600,300
Product 182,Unloading,48300,48600,300
Product 183,Unloading,48300,48600,300
Product 184,Unloading,48300,48600,300
Product 185,Unloading,48300,48600,300
Product 251,Machining,47100,48900,1800
Product 252,Machining,47100,48900,1800
Product 253,Machining,47100,48900,1800
Product 254,Machining,47100,48900,1800
Product 255,Machining,47100,48900,1800
Product 256,Machining,47100,48900,1800
Product 257,Machining,47100,48900,1800
Product 258,Machining,47100,48900,1800
Product 259,Machining,47100,48900,1800
Product 260,Machining,47100,48900,1800
Product 261,Loading,48600,48900,300
Product 262,Loading,48600,48900,300
Product 263,Loading,48600,48900,300
Product 264,Loading,48600,48900,300
Product 265,Loading,48600,48900,300
Product 266,Loading,48600,48900,300
Product 267,Loading,48600,48900,300
Product 268,Loading,48600,48900,300
Product 269,Loading,48600,48900,300
Product 270,Loading,48600,48900,300
Product 95,Packaging,28200,49200,21000
Product 96,Packaging,28800,49200,20400
Product 181,Inspection,48600,49200,600
Product 182,Inspection,48600,49200,600
Product 183,Inspection,48600,49200,600
Product 186,Assembly,36300,49500,13200
Product 187,Assembly,36300,49500,13200
Product 188,Assembly,36300,49500,13200
Product 189,Assembly,36300,49500,13200
Product 190,Assembly,36300,49500,13200
Product 184,Inspection,48600,49800,1200
Product 185,Inspection,48600,49800,1200
Product 186,Unloading,49500,49800,300
Product 187,Unloading,49500,49800,300
Product 188,Unloading,49500,49800,300
Product 189,Unloading,49500,49800,300
Product 190,Unloading,49500,49800,300
Product 97,Packaging,28800,50100,21300
Product 98,Packaging,28800,50100,21300
Product 186,Inspection,49800,50400,600
Product 187,Inspection,49800,50400,600
Product 188,Inspection,49800,50400,600
Product 261,Machining,48900,50700,1800
Product 262,Machining,48900,50700,1800
Product 263,Machining,48900,50700,1800
Product 264,Machining,48900,50700,1800
Product 265,Machining,48900,50700,1800
Product 266,Machining,48900,50700,1800
Product 267,Machining,48900,50700,1800
Product 268,Machining,48900,50700,1800
Product 269,Machining,48900,50700,1800
Product 270,Machining,48900,50700,1800
Product 191,Assembly,38100,50700,12600
Product 192,Assembly,38100,50700,12600
Product 193,Assembly,38100,50700,12600
Product 194,Assembly,38100,50700,12600
Product 195,Assembly,38100,50700,12600
Product 271,Loading,50400,50700,300
Product 272,Loading,50400,50700,300
Product 273,Loading,50400,50700,300
Product 274,Loading,50400,50700,300
Product 275,Loading,50400,50700,300
Product 276,Loading,50400,50700,300
Product 277,Loading,50400,50700,300
Product 278,Loading,50400,50700,300
Product 279,Loading,50400,50700,300
Product 280,Loading,50400,50700,300
Product 99,Packaging,29400,51000,21600
Product 100,Packaging,29400,51000,21600
Product 189,Inspection,49800,51000,1200
Product 190,Inspection,49800,51000,1200
Product 191,Unloading,50700,51000,300
Product 192,Unloading,50700,51000,300
Product 193,Unloading,50700,51000,300
Product 194,Unloading,50700,51000,300
Product 195,Unloading,50700,51000,300
Product 191,Inspection,51000,51600,600
Product 192,Inspection,51000,51600,600
Product 193,Inspection,51000,51600,600
Product 196,Assembly,38100,51900,13800
Product 197,Assembly,38100,51900,13800
Product 198,Assembly,38100,51900,13800
Product 199,Assembly,38100,51900,13800
Product 200,Assembly,38100,51900,13800
Product 101,Packaging,30000,51900,21900
Product 102,Packaging,30000,51900,21900
Product 194,Inspection,51000,52200,1200
Product 195,Inspection,51000,52200,1200
Product 196,Unloading,51900,52200,300
Product 197,Unloading,51900,52200,300
Product 198,Unloading,51900,52200,300
Product 199,Unloading,51900,52200,300
Product 200,Unloading,51900,52200,300
Product 271,Machining,50700,52500,1800
Product 272,Machining,50700,52500,1800
Product 273,Machining,50700,52500,1800
Product 274,Machining,50700,52500,1800
Product 275,Machining,50700,52500,1800
Product 276,Machining,50700,52500,1800
Product 277,Machining,50700,52500,1800
Product 278,Machining,50700,52500,1800
Product 279,Machining,50700,52500,1800
Product 280,Machining,50700,52500,1800
Product 281,Loading,52200,52500,300
Product 282,Loading,52200,52500,300
Product 283,Loading,52200,52500,300
Product 284,Loading,52200,52500,300
Product 285,Loading,52200,52500,300
Product 286,Loading,52200,52500,300
Product 287,Loading,52200,52500,300
Product 288,Loading,52200,52500,300
Product 289,Loading,52200,52500,300
Product 290,Loading,52200,52500,300
Product 103,Packaging,30000,52800,22800
Product 104,Packaging,30600,52800,22200
Product 196,Inspection,52200,52800,600
Product 197,Inspection,52200,52800,600
Product 198,Inspection,52200,52800,600
Product 201,Assembly,39900,53100,13200
Product 202,Assembly,39900,53100,13200
Product 203,Assembly,39900,53100,13200
Product 204,Assembly,39900,53100,13200
Product 205,Assembly,39900,53100,13200
Product 199,Inspection,52200,53400,1200
Product 200,Inspection,52200,53400,1200
Product 201,Unloading,53100,53400,300
Product 202,Unloading,53100,53400,300
Product 203,Unloading,53100,53400,300
Product 204,Unloading,53100,53400,300
Product 205,Unloading,53100,53400,300
Product 105,Packaging,30600,53700,23100
Product 106,Packaging,31200,53700,22500
Product 201,Inspection,53400,54000,600
Product 202,Inspection,53400,54000,600
Product 203,Inspection,53400,54000,600
Product 281,Machining,52500,54300,1800
Product 282,Machining,52500,54300,1800
Product 283,Machining,52500,54300,1800
Product 284,Machining,52500,54300,1800
Product 285,Machining,52500,54300,1800
Product 286,Machining,52500,54300,1800
Product 287,Machining,52500,54300,1800
Product 288,Machining,52500,54300,1800
Product 289,Machining,52500,54300,1800
Product 290,Machining,52500,54300,1800
Product 206,Assembly,39900,54300,14400
Product 207,Assembly,39900,54300,14400
Product 208,Assembly,39900,54300,14400
Product 209,Assembly,39900,54300,14400
Product 210,Assembly,39900,54300,14400
Product 291,Loading,54000,54300,300
Product 292,Loading,54000,54300,300
Product 293,Loading,54000,54300,300
Product 294,Loading,54000,54300,300
Product 295,Loading,54000,54300,300
Product 296,Loading,54000,54300,300
Product 297,Loading,54000,54300,300
Product 298,Loading,54000,54300,300
Product 299,Loading,54000,54300,300
Product 300,Loading,54000,54300,300
Product 107,Packaging,31200,54600,23400
Product 108,Packaging,31200,54600,23400
Product 204,Inspection,53400,54600,1200
Product 205,Inspection,53400,54600,1200
Product 206,Unloading,54300,54600,300
Product 207,Unloading,54300,54600,300
Product 208,Unloading,54300,54600,300
Product 209,Unloading,54300,54600,300
Product 210,Unloading,54300,54600,300
Product 206,Inspection,54600,55200,600
Product 207,Inspection,54600,55200,600
Product 208,Inspection,54600,55200,600
Product 211,Assembly,41700,55500,13800
Product 212,Assembly,41700,55500,13800
Product 213,Assembly,41700,55500,13800
Product 214,Assembly,41700,55500,13800
Product 215,Assembly,41700,55500,13800
Product 109,Packaging,31800,55500,23700
Product 110,Packaging,31800,55500,23700
Product 209,Inspection,54600,55800,1200
Product 210,Inspection,54600,55800,1200
Product 211,Unloading,55500,55800,300
Product 212,Unloading,55500,55800,300
Product 213,Unloading,55500,55800,300
Product 214,Unloading,55500,55800,300
Product 215,Unloading,55500,55800,300
Product 291,Machining,54300,56100,1800
Product 292,Machining,54300,56100,1800
Product 293,Machining,54300,56100,1800
Product 294,Machining,54300,56100,1800
Product 295,Machining,54300,56100,1800
Product 296,Machining,54300,56100,1800
Product 297,Machining,54300,56100,1800
Product 298,Machining,54300,56100,1800
Product 299,Machining,54300,56100,1800
Product 300,Machining,54300,56100,1800
Product 301,Loading,55800,56100,300
Product 302,Loading,55800,56100,300
Product 303,Loading,55800,56100,300
Product 304,Loading,55800,56100,300
Product 305,Loading,55800,56100,300
Product 306,Loading,55800,56100,300
Product 307,Loading,55800,56100,300
Product 308,Loading,55800,56100,300
Product 309,Loading,55800,56100,300
Product 310,Loading,55800,56100,300
Product 111,Packaging,32400,56400,24000
Product 112,Packaging,32400,56400,24000
Product 211,Inspection,55800,56400,600
Product 212,Inspection,55800,56400,600
Product 213,Inspection,55800,56400,600
Product 216,Assembly,41700,56700,15000
Product 217,Assembly,41700,56700,15000
Product 218,Assembly,41700,56700,15000
Product 219,Assembly,41700,56700,15000
Product 220,Assembly,41700,56700,15000
Product 214,Inspection,55800,57000,1200
Product 215,Inspection,55800,57000,1200
Product 216,Unloading,56700,57000,300
Product 217,Unloading,56700,57000,300
Product 218,Unloading,56700,57000,300
Product 219,Unloading,56700,57000,300
Product 220,Unloading,56700,57000,300
Product 113,Packaging,32400,57300,24900
Product 114,Packaging,33000,57300,24300
Product 216,Inspection,57000,57600,600
Product 217,Inspection,57000,57600,600
Product 218,Inspection,57000,57600,600
Product 301,Machining,56100,57900,1800
Product 302,Machining,56100,57900,1800
Product 303,Machining,56100,57900,1800
Product 304,Machining,56100,57900,1800
Product 305,Machining,56100,57900,1800
Product 306,Machining,56100,57900,1800
Product 307,Machining,56100,57900,1800
Product 308,Machining,56100,57900,1800
Product 309,Machining,56100,57900,1800
Product 310,Machining,56100,57900,1800
Product 221,Assembly,43500,57900,14400
Product 222,Assembly,43500,57900,14400
Product 223,Assembly,43500,57900,14400
Product 224,Assembly,43500,57900,14400
Product 225,Assembly,43500,57900,14400
Product 311,Loading,57600,57900,300
Product 312,Loading,57600,57900,300
Product 313,Loading,57600,57900,300
Product 314,Loading,57600,57900,300
Product 315,Loading,57600,57900,300
Product 316,Loading,57600,57900,300
Product 317,Loading,57600,57900,300
Product 318,Loading,57600,57900,300
Product 319,Loading,57600,57900,300
Product 320,Loading,57600,57900,300
Product 115,Packaging,33000,58200,25200
Product 116,Packaging,33600,58200,24600
Product 219,Inspection,57000,58200,1200
Product 220,Inspection,57000,58200,1200
Product 221,Unloading,57900,58200,300
Product 222,Unloading,57900,58200,300
Product 223,Unloading,57900,58200,300
Product 224,Unloading,57900,58200,300
Product 225,Unloading,57900,58200,300
Product 221,Inspection,58200,58800,600
Product 222,Inspection,58200,58800,600
Product 223,Inspection,58200,58800,600
Product 226,Assembly,43500,59100,15600
Product 227,Assembly,43500,59100,15600
Product 228,Assembly,43500,59100,15600
Product 229,Assembly,43500,59100,15600
Product 230,Assembly,43500,59100,15600
Product 117,Packaging,33600,59100,25500
Product 118,Packaging,33600,59100,25500
Product 224,Inspection,58200,59400,1200
Product 225,Inspection,58200,59400,1200
Product 226,Unloading,59100,59400,300
Product 227,Unloading,59100,59400,300
Product 228,Unloading,59100,59400,300
Product 229,Unloading,59100,59400,300
Product 230,Unloading,59100,59400,300
Product 311,Machining,57900,59700,1800
Product 312,Machining,57900,59700,1800
Product 313,Machining,57900,59700,1800
Product 314,Machining,57900,59700,1800
Product 315,Machining,57900,59700,1800
Product 316,Machining,57900,59700,1800
Product 317,Machining,57900,59700,1800
Product 318,Machining,57900,59700,1800
Product 319,Machining,57900,59700,1800
Product 320,Machining,57900,59700,1800
Product 321,Loading,59400,59700,300
Product 322,Loading,59400,59700,300
Product 323,Loading,59400,59700,300
Product 324,Loading,59400,59700,300
Product 325,Loading,59400,59700,300
Product 326,Loading,59400,59700,300
Product 327,Loading,59400,59700,300
Product 328,Loading,59400,59700,300
Product 329,Loading,59400,59700,300
Product 330,Loading,59400,59700,300
Product 119,Packaging,34200,60000,25800
Product 120,Packaging,34200,60000,25800
Product 226,Inspection,59400,60000,600
Product 227,Inspection,59400,60000,600
Product 228,Inspection,59400,60000,600
Product 231,Assembly,45300,60300,15000
Product 232,Assembly,45300,60300,15000
Product 233,Assembly,45300,60300,15000
Product 234,Assembly,45300,60300,15000
Product 235,Assembly,45300,60300,15000
Product 229,Inspection,59400,60600,1200
Product 230,Inspection,59400,60600,1200
Product 231,Unloading,60300,60600,300
Product 232,Unloading,60300,60600,300
Product 233,Unloading,60300,60600,300
Product 234,Unloading,60300,60600,300
Product 235,Unloading,60300,60600,300
Product 121,Packaging,34800,60900,26100
Product 122,Packaging,34800,60900,26100
Product 231,Inspection,60600,61200,600
Product 232,Inspection,60600,61200,600
Product 233,Inspection,60600,61200,600
Product 321,Machining,59700,61500,1800
Product 322,Machining,59700,61500,1800
Product 323,Machining,59700,61500,1800
Product 324,Machining,59700,61500,1800
Product 325,Machining,59700,61500,1800
Product 326,Machining,59700,61500,1800
Product 327,Machining,59700,61500,1800
Product 328,Machining,59700,61500,1800
Product 329,Machining,59700,61500,1800
Product 330,Machining,59700,61500,1800
Product 236,Assembly,45300,61500,16200
Product 237,Assembly,45300,61500,16200
Product 238,Assembly,45300,61500,16200
Product 239,Assembly,45300,61500,16200
Product 240,Assembly,45300,61500,16200
Product 331,Loading,61200,61500,300
Product 332,Loading,61200,61500,300
Product 333,Loading,61200,61500,300
Product 334,Loading,61200,61500,300
Product 335,Loading,61200,61500,300
Product 336,Loading,61200,61500,300
Product 337,Loading,61200,61500,300
Product 338,Loading,61200,61500,300
Product 339,Loading,61200,61500,300
Product 340,Loading,61200,61500,300
Product 123,Packaging,34800,61800,27000
Product 124,Packaging,35400,61800,26400
Product 234,Inspection,60600,61800,1200
Product 235,Inspection,60600,61800,1200
Product 236,Unloading,61500,61800,300
Product 237,Unloading,61500,61800,300
Product 238,Unloading,61500,61800,300
Product 239,Unloading,61500,61800,300
Product 240,Unloading,61500,61800,300
Product 236,Inspection,61800,62400,600
Product 237,Inspection,61800,62400,600
Product 238,Inspection,61800,62400,600
Product 241,Assembly,47100,62700,15600
Product 242,Assembly,47100,62700,15600
Product 243,Assembly,47100,62700,15600
Product 244,Assembly,47100,62700,15600
Product 245,Assembly,47100,62700,15600
Product 125,Packaging,35400,62700,27300
Product 126,Packaging,36000,62700,26700
Product 239,Inspection,61800,63000,1200
Product 240,Inspection,61800,63000,1200
Product 241,Unloading,62700,63000,300
Product 242,Unloading,62700,63000,300
Product 243,Unloading,62700,63000,300
Product 244,Unloading,62700,63000,300
Product 245,Unloading,62700,63000,300
Product 331,Machining,61500,63300,1800
Product 332,Machining,61500,63300,1800
Product 333,Machining,61500,63300,1800
Product 334,Machining,61500,63300,1800
Product 335,Machining,61500,63300,1800
Product 336,Machining,61500,63300,1800
Product 337,Machining,61500,63300,1800
Product 338,Machining,61500,63300,1800
Product 339,Machining,61500,63300,1800
Product 340,Machining,61500,63300,1800
Product 341,Loading,63000,63300,300
Product 342,Loading,63000,63300,300
Product 343,Loading,63000,63300,300
Product 344,Loading,63000,63300,300
Product 345,Loading,63000,63300,300
Product 346,Loading,63000,63300,300
Product 347,Loading,63000,63300,300
Product 348,Loading,63000,63300,300
Product 349,Loading,63000,63300,300
Product 350,Loading,63000,63300,300
Product 127,Packaging,36000,63600,27600
Product 128,Packaging,36000,63600,27600
Product 241,Inspection,63000,63600,600
Product 242,Inspection,63000,63600,600
Product 243,Inspection,63000,63600,600
Product 246,Assembly,47100,63900,16800
Product 247,Assembly,47100,63900,16800
Product 248,Assembly,47100,63900,16800
Product 249,Assembly,47100,63900,16800
Product 250,Assembly,47100,63900,16800
Product 244,Inspection,63000,64200,1200
Product 245,Inspection,63000,64200,1200
Product 246,Unloading,63900,64200,300
Product 247,Unloading,63900,64200,300
Product 248,Unloading,63900,64200,300
Product 249,Unloading,63900,64200,300
Product 250,Unloading,63900,64200,300
Product 129,Packaging,36600,64500,27900
Product 130,Packaging,36600,64500,27900
Product 246,Inspection,64200,64800,600
Product 247,Inspection,64200,64800,600
Product 248,Inspection,64200,64800,600
Product 341,Machining,63300,65100,1800
Product 342,Machining,63300,65100,1800
Product 343,Machining,63300,65100,1800
Product 344,Machining,63300,65100,1800
Product 345,Machining,63300,65100,1800
Product 346,Machining,63300,65100,1800
Product 347,Machining,63300,65100,1800
Product 348,Machining,63300,65100,1800
Product 349,Machining,63300,65100,1800
Product 350,Machining,63300,65100,1800
Product 251,Assembly,48900,65100,16200
Product 252,Assembly,48900,65100,16200
Product 253,Assembly,48900,65100,16200
Product 254,Assembly,48900,65100,16200
Product 255,Assembly,48900,65100,16200
Product 351,Loading,64800,65100,300
Product 352,Loading,64800,65100,300
Product 353,Loading,64800,65100,300
Product 354,Loading,64800,65100,300
Product 355,Loading,64800,65100,300
Product 356,Loading,64800,65100,300
Product 357,Loading,64800,65100,300
Product 358,Loading,64800,65100,300
Product 359,Loading,64800,65100,300
Product 360,Loading,64800,65100,300
Product 131,Packaging,37200,65400,28200
Product 132,Packaging,37200,65400,28200
Product 249,Inspection,64200,65400,1200
Product 250,Inspection,64200,65400,1200
Product 251,Unloading,65100,65400,300
Product 252,Unloading,65100,65400,300
Product 253,Unloading,65100,65400,300
Product 254,Unloading,65100,65400,300
Product 255,Unloading,65100,65400,300
Product 251,Inspection,65400,66000,600
Product 252,Inspection,65400,66000,600
Product 253,Inspection,65400,66000,600
Product 256,Assembly,48900,66300,17400
Product 257,Assembly,48900,66300,17400
Product 258,Assembly,48900,66300,17400
Product 259,Assembly,48900,66300,17400
Product 260,Assembly,48900,66300,17400
Product 133,Packaging,37200,66300,29100
Product 134,Packaging,37800,66300,28500
Product 254,Inspection,65400,66600,1200
Product 255,Inspection,65400,66600,1200
Product 256,Unloading,66300,66600,300
Product 257,Unloading,66300,66600,300
Product 258,Unloading,66300,66600,300
Product 259,Unloading,66300,66600,300
Product 260,Unloading,66300,66600,300
Product 351,Machining,65100,66900,1800
Product 352,Machining,65100,66900,1800
Product 353,Machining,65100,66900,1800
Product 354,Machining,65100,66900,1800
Product 355,Machining,65100,66900,1800
Product 356,Machining,65100,66900,1800
Product 357,Machining,65100,66900,1800
Product 358,Machining,65100,66900,1800
Product 359,Machining,65100,66900,1800
Product 360,Machining,65100,66900,1800
Product 361,Loading,66600,66900,300
Product 362,Loading,66600,66900,300
Product 363,Loading,66600,66900,300
Product 364,Loading,66600,66900,300
Product 365,Loading,66600,66900,300
Product 366,Loading,66600,66900,300
Product 367,Loading,66600,66900,300
Product 368,Loading,66600,66900,300
Product 369,Loading,66600,66900,300
Product 370,Loading,66600,66900,300
Product 135,Packaging,37800,67200,29400
Product 136,Packaging,38400,67200,28800
Product 256,Inspection,66600,67200,600
Product 257,Inspection,66600,67200,600
Product 258,Inspection,66600,67200,600
Product 261,Assembly,50700,67500,16800
Product 262,Assembly,50700,67500,16800
Product 263,Assembly,50700,67500,16800
Product 264,Assembly,50700,67500,16800
Product 265,Assembly,50700,67500,16800
Product 259,Inspection,66600,67800,1200
Product 260,Inspection,66600,67800,1200
Product 261,Unloading,67500,67800,300
Product 262,Unloading,67500,67800,300
Product 263,Unloading,67500,67800,300
Product 264,Unloading,67500,67800,300
Product 265,Unloading,67500,67800,300
Product 137,Packaging,38400,68100,29700
Product 138,Packaging,38400,68100,29700
Product 261,Inspection,67800,68400,600
Product 262,Inspection,67800,68400,600
Product 263,Inspection,67800,68400,600
Product 361,Machining,66900,68700,1800
Product 362,Machining,66900,68700,1800
Product 363,Machining,66900,68700,1800
Product 364,Machining,66900,68700,1800
Product 365,Machining,66900,68700,1800
Product 366,Machining,66900,68700,1800
Product 367,Machining,66900,68700,1800
Product 368,Machining,66900,68700,1800
Product 369,Machining,66900,68700,1800
Product 370,Machining,66900,68700,1800
Product 266,Assembly,50700,68700,18000
Product 267,Assembly,50700,68700,18000
Product 268,Assembly,50700,68700,18000
Product 269,Assembly,50700,68700,18000
Product 270,Assembly,50700,68700,18000
Product 371,Loading,68400,68700,300
Product 372,Loading,68400,68700,300
Product 373,Loading,68400,68700,300
Product 374,Loading,68400,68700,300
Product 375,Loading,68400,68700,300
Product 376,Loading,68400,68700,300
Product 377,Loading,68400,68700,300
Product 378,Loading,68400,68700,300
Product 379,Loading,68400,68700,300
Product 380,Loading,68400,68700,300
Product 139,Packaging,39000,69000,30000
Product 140,Packaging,39000,69000,30000
Product 264,Inspection,67800,69000,1200
Product 265,Inspection,67800,69000,1200
Product 266,Unloading,68700,69000,300
Product 267,Unloading,68700,69000,300
Product 268,Unloading,68700,69000,300
Product 269,Unloading,68700,69000,300
Product 270,Unloading,68700,69000,300
Product 266,Inspection,69000,69600,600
Product 267,Inspection,69000,69600,600
Product 268,Inspection,69000,69600,600
Product 271,Assembly,52500,69900,17400
Product 272,Assembly,52500,69900,17400
Product 273,Assembly,52500,69900,17400
Product 274,Assembly,52500,69900,17400
Product 275,Assembly,52500,69900,17400
Product 141,Packaging,39600,69900,30300
Product 142,Packaging,39600,69900,30300
Product 269,Inspection,69000,70200,1200
Product 270,Inspection,69000,70200,1200
Product 271,Unloading,69900,70200,300
Product 272,Unloading,69900,70200,300
Product 273,Unloading,69900,70200,300
Product 274,Unloading,69900,70200,300
Product 275,Unloading,69900,70200,300
Product 371,Machining,68700,70500,1800
Product 372,Machining,68700,70500,1800
Product 373,Machining,68700,70500,1800
Product 374,Machining,68700,70500,1800
Product 375,Machining,68700,70500,1800
Product 376,Machining,68700,70500,1800
Product 377,Machining,68700,70500,1800
Product 378,Machining,68700,70500,1800
Product 379,Machining,68700,70500,1800
Product 380,Machining,68700,70500,1800
Product 381,Loading,70200,70500,300
Product 382,Loading,70200,70500,300
Product 383,Loading,70200,70500,300
Product 384,Loading,70200,70500,300
Product 385,Loading,70200,70500,300
Product 386,Loading,70200,70500,300
Product 387,Loading,70200,70500,300
Product 388,Loading,70200,70500,300
Product 389,Loading,70200,70500,300
Product 390,Loading,70200,70500,300
Product 143,Packaging,39600,70800,31200
Product 144,Packaging,40200,70800,30600
Product 271,Inspection,70200,70800,600
Product 272,Inspection,70200,70800,600
Product 273,Inspection,70200,70800,600
Product 276,Assembly,52500,71100,18600
Product 277,Assembly,52500,71100,18600
Product 278,Assembly,52500,71100,18600
Product 279,Assembly,52500,71100,18600
Product 280,Assembly,52500,71100,18600
Product 274,Inspection,70200,71400,1200
Product 275,Inspection,70200,71400,1200
Product 276,Unloading,71100,71400,300
Product 277,Unloading,71100,71400,300
Product 278,Unloading,71100,71400,300
Product 279,Unloading,71100,71400,300
Product 280,Unloading,71100,71400,300
Product 145,Packaging,40200,71700,31500
Product 146,Packaging,40800,71700,30900
Product 276,Inspection,71400,72000,600
Product 277,Inspection,71400,72000,600
Product 278,Inspection,71400,72000,600
Product 381,Machining,70500,72300,1800
Product 382,Machining,70500,72300,1800
Product 383,Machining,70500,72300,1800
Product 384,Machining,70500,72300,1800
Product 385,Machining,70500,72300,1800
Product 386,Machining,70500,72300,1800
Product 387,Machining,70500,72300,1800
Product 388,Machining,70500,72300,1800
Product 389,Machining,70500,72300,1800
Product 390,Machining,70500,72300,1800
Product 281,Assembly,54300,72300,18000
Product 282,Assembly,54300,72300,18000
Product 283,Assembly,54300,72300,18000
Product 284,Assembly,54300,72300,18000
Product 285,Assembly,54300,72300,18000
Product 391,Loading,72000,72300,300
Product 392,Loading,72000,72300,300
Product 393,Loading,72000,72300,300
Product 394,Loading,72000,72300,300
Product 395,Loading,72000,72300,300
Product 396,Loading,72000,72300,300
Product 397,Loading,72000,72300,300
Product 398,Loading,72000,72300,300
Product 399,Loading,72000,72300,300
Product 400,Loading,72000,72300,300
Product 147,Packaging,40800,72600,31800
Product 148,Packaging,40800,72600,31800
Product 279,Inspection,71400,72600,1200
Product 280,Inspection,71400,72600,1200
Product 281,Unloading,72300,72600,300
Product 282,Unloading,72300,72600,300
Product 283,Unloading,72300,72600,300
Product 284,Unloading,72300,72600,300
Product 285,Unloading,72300,72600,300
Product 281,Inspection,72600,73200,600
Product 282,Inspection,72600,73200,600
Product 283,Inspection,72600,73200,600
Product 286,Assembly,54300,73500,19200
Product 287,Assembly,54300,73500,19200
Product 288,Assembly,54300,73500,19200
Product 289,Assembly,54300,73500,19200
Product 290,Assembly,54300,73500,19200
Product 149,Packaging,41400,73500,32100
Product 150,Packaging,41400,73500,32100
Product 284,Inspection,72600,73800,1200
Product 285,Inspection,72600,73800,1200
Product 286,Unloading,73500,73800,300
Product 287,Unloading,73500,73800,300
Product 288,Unloading,73500,73800,300
Product 289,Unloading,73500,73800,300
Product 290,Unloading,73500,73800,300
Product 391,Machining,72300,74100,1800
Product 392,Machining,72300,74100,1800
Product 393,Machining,72300,74100,1800
Product 394,Machining,72300,74100,1800
Product 395,Machining,72300,74100,1800
Product 396,Machining,72300,74100,1800
Product 397,Machining,72300,74100,1800
Product 398,Machining,72300,74100,1800
Product 399,Machining,72300,74100,1800
Product 400,Machining,72300,74100,1800
Product 401,Loading,73800,74100,300
Product 402,Loading,73800,74100,300
Product 403,Loading,73800,74100,300
Product 404,Loading,73800,74100,300
Product 405,Loading,73800,74100,300
Product 406,Loading,73800,74100,300
Product 407,Loading,73800,74100,300
Product 408,Loading,73800,74100,300
Product 409,Loading,73800,74100,300
Product 410,Loading,73800,74100,300
Product 151,Packaging,42000,74400,32400
Product 152,Packaging,42000,74400,32400
Product 286,Inspection,73800,74400,600
Product 287,Inspection,73800,74400,600
Product 288,Inspection,73800,74400,600
Product 291,Assembly,56100,74700,18600
Product 292,Assembly,56100,74700,18600
Product 293,Assembly,56100,74700,18600
Product 294,Assembly,56100,74700,18600
Product 295,Assembly,56100,74700,18600
Product 289,Inspection,73800,75000,1200
Product 290,Inspection,73800,75000,1200
Product 291,Unloading,74700,75000,300
Product 292,Unloading,74700,75000,300
Product 293,Unloading,74700,75000,300
Product 294,Unloading,74700,75000,300
Product 295,Unloading,74700,75000,300
Product 153,Packaging,42000,75300,33300
Product 154,Packaging,42600,75300,32700
Product 291,Inspection,75000,75600,600
Product 292,Inspection,75000,75600,600
Product 293,Inspection,75000,75600,600
Product 401,Machining,74100,75900,1800
Product 402,Machining,74100,75900,1800
Product 403,Machining,74100,75900,1800
Product 404,Machining,74100,75900,1800
Product 405,Machining,74100,75900,1800
Product 406,Machining,74100,75900,1800
Product 407,Machining,74100,75900,1800
Product 408,Machining,74100,75900,1800
Product 409,Machining,74100,75900,1800
Product 410,Machining,74100,75900,1800
Product 296,Assembly,56100,75900,19800
Product 297,Assembly,56100,75900,19800
Product 298,Assembly,56100,75900,19800
Product 299,Assembly,56100,75900,19800
Product 300,Assembly,56100,75900,19800
Product 411,Loading,75600,75900,300
Product 412,Loading,75600,75900,300
Product 413,Loading,75600,75900,300
Product 414,Loading,75600,75900,300
Product 415,Loading,75600,75900,300
Product 416,Loading,75600,75900,300
Product 417,Loading,75600,75900,300
Product 418,Loading,75600,75900,300
Product 419,Loading,75600,75900,300
Product 420,Loading,75600,75900,300
Product 155,Packaging,42600,76200,33600
Product 156,Packaging,43200,76200,33000
Product 294,Inspection,75000,76200,1200
Product 295,Inspection,75000,76200,1200
Product 296,Unloading,75900,76200,300
Product 297,Unloading,75900,76200,300
Product 298,Unloading,75900,76200,300
Product 299,Unloading,75900,76200,300
Product 300,Unloading,75900,76200,300
Product 296,Inspection,76200,76800,600
Product 297,Inspection,76200,76800,600
Product 298,Inspection,76200,76800,600
Product 301,Assembly,57900,77100,19200
Product 302,Assembly,57900,77100,19200
Product 303,Assembly,57900,77100,19200
Product 304,Assembly,57900,77100,19200
Product 305,Assembly,57900,77100,19200
Product 157,Packaging,43200,77100,33900
Product 158,Packaging,43200,77100,33900
Product 299,Inspection,76200,77400,1200
Product 300,Inspection,76200,77400,1200
Product 301,Unloading,77100,77400,300
Product 302,Unloading,77100,77400,300
Product 303,Unloading,77100,77400,300
Product 304,Unloading,77100,77400,300
Product 305,Unloading,77100,77400,300
Product 411,Machining,75900,77700,1800
Product 412,Machining,75900,77700,1800
Product 413,Machining,75900,77700,1800
Product 414,Machining,75900,77700,1800
Product 415,Machining,75900,77700,1800
Product 416,Machining,75900,77700,1800
Product 417,Machining,75900,77700,1800
Product 418,Machining,75900,77700,1800
Product 419,Machining,75900,77700,1800
Product 420,Machining,75900,77700,1800
Product 421,Loading,77400,77700,300
Product 422,Loading,77400,77700,300
Product 423,Loading,77400,77700,300
Product 424,Loading,77400,77700,300
Product 425,Loading,77400,77700,300
Product 426,Loading,77400,77700,300
Product 427,Loading,77400,77700,300
Product 428,Loading,77400,77700,300
Product 429,Loading,77400,77700,300
Product 430,Loading,77400,77700,300
Product 159,Packaging,43800,78000,34200
Product 160,Packaging,43800,78000,34200
Product 301,Inspection,77400,78000,600
Product 302,Inspection,77400,78000,600
Product 303,Inspection,77400,78000,600
Product 306,Assembly,57900,78300,20400
Product 307,Assembly,57900,78300,20400
Product 308,Assembly,57900,78300,20400
Product 309,Assembly,57900,78300,20400
Product 310,Assembly,57900,78300,20400
Product 304,Inspection,77400,78600,1200
Product 305,Inspection,77400,78600,1200
Product 306,Unloading,78300,78600,300
Product 307,Unloading,78300,78600,300
Product 308,Unloading,78300,78600,300
Product 309,Unloading,78300,78600,300
Product 310,Unloading,78300,78600,300
Product 161,Packaging,44400,78900,34500
Product 162,Packaging,44400,78900,34500
Product 306,Inspection,78600,79200,600
Product 307,Inspection,78600,79200,600
Product 308,Inspection,78600,79200,600
Product 421,Machining,77700,79500,1800
Product 422,Machining,77700,79500,1800
Product 423,Machining,77700,79500,1800
Product 424,Machining,77700,79500,1800
Product 425,Machining,77700,79500,1800
Product 426,Machining,77700,79500,1800
Product 427,Machining,77700,79500,1800
Product 428,Machining,77700,79500,1800
Product 429,Machining,77700,79500,1800
Product 430,Machining,77700,79500,1800
Product 311,Assembly,59700,79500,19800
Product 312,Assembly,59700,79500,19800
Product 313,Assembly,59700,79500,19800
Product 314,Assembly,59700,79500,19800
Product 315,Assembly,59700,79500,19800
Product 431,Loading,79200,79500,300
Product 432,Loading,79200,79500,300
Product 433,Loading,79200,79500,300
Product 434,Loading,79200,79500,300
Product 435,Loading,79200,79500,300
Product 436,Loading,79200,79500,300
Product 437,Loading,79200,79500,300
Product 438,Loading,79200,79500,300
Product 439,Loading,79200,79500,300
Product 440,Loading,79200,79500,300
Product 163,Packaging,44400,79800,35400
Product 164,Packaging,45000,79800,34800
Product 309,Inspection,78600,79800,1200
Product 310,Inspection,78600,79800,1200
Product 311,Unloading,79500,79800,300
Product 312,Unloading,79500,79800,300
Product 313,Unloading,79500,79800,300
Product 314,Unloading,79500,79800,300
Product 315,Unloading,79500,79800,300
Product 311,Inspection,79800,80400,600
Product 312,Inspection,79800,80400,600
Product 313,Inspection,79800,80400,600
Product 316,Assembly,59700,80700,21000
Product 317,Assembly,59700,80700,21000
Product 318,Assembly,59700,80700,21000
Product 319,Assembly,59700,80700,21000
Product 320,Assembly,59700,80700,21000
Product 165,Packaging,45000,80700,35700
Product 166,Packaging,45600,80700,35100
Product 314,Inspection,79800,81000,1200
Product 315,Inspection,79800,81000,1200
Product 316,Unloading,80700,81000,300
Product 317,Unloading,80700,81000,300
Product 318,Unloading,80700,81000,300
Product 319,Unloading,80700,81000,300
Product 320,Unloading,80700,81000,300
Product 431,Machining,79500,81300,1800
Product 432,Machining,79500,81300,1800
Product 433,Machining,79500,81300,1800
Product 434,Machining,79500,81300,1800
Product 435,Machining,79500,81300,1800
Product 436,Machining,79500,81300,1800
Product 437,Machining,79500,81300,1800
Product 438,Machining,79500,81300,1800
Product 439,Machining,79500,81300,1800
Product 440,Machining,79500,81300,1800
Product 441,Loading,81000,81300,300
Product 442,Loading,81000,81300,300
Product 443,Loading,81000,81300,300
Product 444,Loading,81000,81300,300
Product 445,Loading,81000,81300,300
Product 446,Loading,81000,81300,300
Product 447,Loading,81000,81300,300
Product 448,Loading,81000,81300,300
Product 449,Loading,81000,81300,300
Product 450,Loading,81000,81300,300
Product 167,Packaging,45600,81600,36000
Product 168,Packaging,45600,81600,36000
Product 316,Inspection,81000,81600,600
Product 317,Inspection,81000,81600,600
Product 318,Inspection,81000,81600,600
Product 321,Assembly,61500,81900,20400
Product 322,Assembly,61500,81900,20400
Product 323,Assembly,61500,81900,20400
Product 324,Assembly,61500,81900,20400
Product 325,Assembly,61500,81900,20400
Product 319,Inspection,81000,82200,1200
Product 320,Inspection,81000,82200,1200
Product 321,Unloading,81900,82200,300
Product 322,Unloading,81900,82200,300
Product 323,Unloading,81900,82200,300
Product 324,Unloading,81900,82200,300
Product 325,Unloading,81900,82200,300
Product 169,Packaging,46200,82500,36300
Product 170,Packaging,46200,82500,36300
Product 321,Inspection,82200,82800,600
Product 322,Inspection,82200,82800,600
Product 323,Inspection,82200,82800,600
Product 441,Machining,81300,83100,1800
Product 442,Machining,81300,83100,1800
Product 443,Machining,81300,83100,1800
Product 444,Machining,81300,83100,1800
Product 445,Machining,81300,83100,1800
Product 446,Machining,81300,83100,1800
Product 447,Machining,81300,83100,1800
Product 448,Machining,81300,83100,1800
Product 449,Machining,81300,83100,1800
Product 450,Machining,81300,83100,1800
Product 326,Assembly,61500,83100,21600
Product 327,Assembly,61500,83100,21600
Product 328,Assembly,61500,83100,21600
Product 329,Assembly,61500,83100,21600
Product 330,Assembly,61500,83100,21600
Product 451,Loading,82800,83100,300
Product 452,Loading,82800,83100,300
Product 453,Loading,82800,83100,300
Product 454,Loading,82800,83100,300
Product 455,Loading,82800,83100,300
Product 456,Loading,82800,83100,300
Product 457,Loading,82800,83100,300
Product 458,Loading,82800,83100,300
Product 459,Loading,82800,83100,300
Product 460,Loading,82800,83100,300
Product 171,Packaging,46800,83400,36600
Product 172,Packaging,46800,83400,36600
Product 324,Inspection,82200,83400,1200
Product 325,Inspection,82200,83400,1200
Product 326,Unloading,83100,83400,300
Product 327,Unloading,83100,83400,300
Product 328,Unloading,83100,83400,300
Product 329,Unloading,83100,83400,300
Product 330,Unloading,83100,83400,300
Product 326,Inspection,83400,84000,600
Product 327,Inspection,83400,84000,600
Product 328,Inspection,83400,84000,600
Product 331,Assembly,63300,84300,21000
Product 332,Assembly,63300,84300,21000
Product 333,Assembly,63300,84300,21000
Product 334,Assembly,63300,84300,21000
Product 335,Assembly,63300,84300,21000
Product 173,Packaging,46800,84300,37500
Product 174,Packaging,47400,84300,36900
Product 329,Inspection,83400,84600,1200
Product 330,Inspection,83400,84600,1200
Product 331,Unloading,84300,84600,300
Product 332,Unloading,84300,84600,300
Product 333,Unloading,84300,84600,300
Product 334,Unloading,84300,84600,300
Product 335,Unloading,84300,84600,300
Product 451,Machining,83100,84900,1800
Product 452,Machining,83100,84900,1800
Product 453,Machining,83100,84900,1800
Product 454,Machining,83100,84900,1800
Product 455,Machining,83100,84900,1800
Product 456,Machining,83100,84900,1800
Product 457,Machining,83100,84900,1800
Product 458,Machining,83100,84900,1800
Product 459,Machining,83100,84900,1800
Product 460,Machining,83100,84900,1800
Product 461,Loading,84600,84900,300
Product 462,Loading,84600,84900,300
Product 463,Loading,84600,84900,300
Product 464,Loading,84600,84900,300
Product 465,Loading,84600,84900,300
Product 466,Loading,84600,84900,300
Product 467,Loading,84600,84900,300
Product 468,Loading,84600,84900,300
Product 469,Loading,84600,84900,300
Product 470,Loading,84600,84900,300
Product 175,Packaging,47400,85200,37800
Product 176,Packaging,48000,85200,37200
Product 331,Inspection,84600,85200,600
Product 332,Inspection,84600,85200,600
Product 333,Inspection,84600,85200,600
Product 336,Assembly,63300,85500,22200
Product 337,Assembly,63300,85500,22200
Product 338,Assembly,63300,85500,22200
Product 339,Assembly,63300,85500,22200
Product 340,Assembly,63300,85500,22200
Product 334,Inspection,84600,85800,1200
Product 335,Inspection,84600,85800,1200
Product 336,Unloading,85500,85800,300
Product 337,Unloading,85500,85800,300
Product 338,Unloading,85500,85800,300
Product 339,Unloading,85500,85800,300
Product 340,Unloading,85500,85800,300
Product 177,Packaging,48000,86100,38100
Product 178,Packaging,48000,86100,38100
